PlaylistId,Name
15257429,Heavy Metal Classic
7429359,Classical 101 - The Basics
6545676,Heavy Metal Classic
4104879,Classical
11436480,90’s Music
15639629,Heavy Metal Classic
16200939,Classical 101 - The Basics
15686844,90’s Music
13096171,Classical 101 - Deep Cuts
5472180,Brazilian Music
6528739,Audiobooks
8189607,Movies
9888128,On-The-Go 1
2462096,Audiobooks
7338838,90’s Music
314585,TV Shows
10789147,Classical 101 - Deep Cuts
7017540,Heavy Metal Classic
8758419,TV Shows
2079170,Classical 101 - The Basics
10198504,Audiobooks
9168761,Classical 101 - The Basics
3694231,Music Videos
8650150,Classical 101 - The Basics
10129111,90’s Music
3763925,Classical
9202341,Classical 101 - Deep Cuts
